prompt,caption,seed
"In a world ruled by capitalism, a meme that portrays a luxurious yacht floating in an empty swimming pool.","Capitalism: Making sure the rich never miss a chance to flex, even when it's financially disastrous.",530730371
Picture a chaotic office environment with employees wearing ridiculous costumes and juggling tasks.,Commodity Fetishism in the Modern Workplace: When productivity becomes a circus act and creativity is traded for chaos.,4079648354
"Imagine a meme with a line of identical workers marching robotically, while a single individual stands out, expressing uniqueness and creativity.",Breaking Free from the Assembly Line of Conformity: Embrace your individuality in a world that values uniformity.,3721060941
"Picture a meme showing a group of corporate executives sitting in a meeting, with each one wearing a clown nose.",Corporate Culture: Where the red nose is not just for laughs but for the nonsensical decisions that shape our lives.,55447854
Envision a meme with a large-scale mansion looming over a small and dilapidated cottage.,"Class Inequality: The precariousness of the working class, overshadowed by opulent excesses of the elite.",943380404
"Imagine a meme with a conveyor belt in a factory, but instead of products, it carries people.",White Collar Life: When a moving assembly line is no longer just for manufacturing but for breeding corporate drones.,1561050219
"Picture a meme showing a stack of money with a sad face, sitting alone on a deserted island.",The Loneliness of Wealth: When the pursuit of money leaves you stranded on an island of emptiness.,3001369557
"In a world where suits are the norm, imagine a meme showing a group of people wearing pajamas in a professional setting.",Comfy Revolution: Rejecting the notion that professionalism can only be achieved through uncomfortable attire.,878875540
"Picture a meme showing a broken escalator, with people endlessly climbing up the stationary steps.","The Illusion of Upward Mobility: When progress is just a carefully orchestrated illusion, keeping you stuck in place.",1464511519
Envision a meme depicting a swarm of office workers chasing after a golden carrot dangling from the ceiling.,Chasing Corporate Success: When the elusive reward is nothing more than a carrot on a stick.,4193377371
"When you leave work on Friday feeling exhausted, only to realize you have no choice but to work from home over the weekend.",Capitalism: destroying work-life balance since forever.,3237742133
When you overhear your boss bragging about their lavish vacation while you struggle to make ends meet.,"Spend your money wisely, they said. Meanwhile, my boss...",3834967173
When your alarm goes off for yet another day of soul-crushing work and you contemplate your life choices.,Me: Why did I choose this career? My bills: Allow us to remind you.,4261061993
When you see someone using the office coffee machine as their personal barista service.,When your office becomes a bougie Starbucks.,1884655100
When you spot a colleague taking credit for your brilliant idea during a team meeting.,"When they steal your idea like it's their own, but you're the real MVP.",1310138566
When you realize you've spent more on corporate team-building activities than on your own hobbies.,Just a friendly reminder that my hobbies are starving.,2558951861
When you try to calculate the amount of money spent on unnecessary office supplies.,"This office runs on paper, and I run on despair.",3971238613
"When you're expected to work overtime for no extra pay and your boss calls it ""dedication.""",When slavery gets a fancy rebranding.,2848091841
When your performance review focuses more on your attire than your actual work.,When they care more about my fashion-forwardness than my brain.,1630108990
When you realize you have more work friends than real friends.,Me at work: surrounded by people. Me outside of work: surrounded by my crippling loneliness.,2397689812
"Imagine a world where money grows on trees, and instead of leaves, you see crisp dollar bills. The branches sway gently in the wind, tempting all who pass by. People are seen picking the money off the trees and stuffing it into their pockets. Your task is to create a meme that captures this situation, using an image and a hilarious caption.",When you finally find the perfect job: Tree Whisperer!,4097699537
"Picture a bustling office where employees are sitting at their desks, typing away furiously. Suddenly, a giant inflatable rat bursts through the office walls and starts rampaging around, causing chaos and knocking over cubicles. Interact with the scenario and create a clever meme that shows the absurdity of corporate culture.","When your office pet gets out of control: Meet Mr. Inflation, the Disgruntled Rat!",3264165675
"Visualize a world where people wear suits made entirely out of branded logos, from head to toe. The streets are littered with name tag stickers, with each person proudly displaying their favorite corporation. In this logo-obsessed society, create a meme that highlights the extreme commodification of our daily lives.",When being fashionably corporate means wearing everything but your true identity!,2129189852
"Imagine a scenario where employees in a corporate board meeting are transformed into sheep, while the CEO sits at the head of the table, donning a wolf mask. The sheep nod in agreement to every decision, totally oblivious to their own exploitation. Use this scenario to create a thought-provoking meme that critiques the blind obedience and lack of critical thinking within hierarchical structures.","When your boss says 'Jump,' and instead of asking 'Why?' you start knitting wool sweaters!",33247220
"In a world where success and privilege are determined by the brand of your car, picture rush hour traffic where the roads are overcrowded with luxury vehicles. People are seen crawling out of their sunroofs, frantically checking their watches, as they compete to outdo one another. Create a meme that highlights the absurdity of status symbols and the underlying class inequality present in our society.","When you're fashionably late, but your Tesla is Fashionably Later!

Note: The prompts and captions provided strive to align with the requested themes of critiquing capitalism, commodity fetishism, alienation, white-collar culture, and class inequality, while aiming to be funny and thought-provoking.",1179386782
"In a world run by corporate giants, where every decision is driven by profit, a meme captures the frustrating reality of a worker's life.","When the boss says 'teamwork makes the dream work,' but you're the only one doing any work.",1913567095
"In a society obsessed with material possessions, a meme humorously highlights the absurdity of consumerism.",Me trying to find happiness in a shopping cart filled with stuff I don't need.,2313286152
"In a competitive corporate environment, where individual success is valued over collaboration, a meme satirizes the cutthroat nature of climbing the career ladder.","When you're expected to 'support' your colleagues, but secretly hope they all get food poisoning before the promotion announcement.",1954702899
"Amidst soul-crushing office politics, a meme captures the universal struggle of employees pretending to work while actually procrastinating.","Me pretending to be deep in thought, but actually contemplating my escape plan from this corporate prison.",2127392104
"In a world where billionaires keep getting richer while the rest struggle to make ends meet, a meme portrays the stark inequality of wealth distribution.",When you see a yacht bigger than your living space sailing past your rented apartment.,2136677987
"A meme exposes the hypocrisy of corporations, who claim to care about the environment while still contributing to its destruction.","When a company brags about their 'eco-friendly' packaging, but it's still just 99% plastic.",1788263232
"In a society ruled by white-collar norms, a meme hilariously highlights the contrast between office politics and reality.",Me at work: Professional and polite. Me in traffic: A raging psychopath with a lot of road rage potential.,2548038842
A meme emphasizes the difficulties of navigating through corporate jargon and buzzwords that seem to defy common sense.,When someone says 'Let's circle back and ideate on a granular level'... and you have no idea what the f#&% they mean.,295244986
"In a world where individuality is suppressed, a meme reflects the struggle to maintain authenticity in a conformist society.",Me trying to fit into society's mold... but I'm a stubborn piece of Play-Doh.,340348699
"A meme mocks the concept of work-life balance, highlighting the demanding nature of modern jobs.",When 'working from home' means answering emails from your boss while rewatching every season of 'Friends'.,4098431090
"Imagine a world where everyone's salary was based on their ability to make puns. You, an aspiring comedian, find yourself struggling to make ends meet in this pun-based capitalist society.","When your paycheck is just a punchline, but the rent is no joke!",1949241745
"In a dystopian future, a new corporate trend emerges where employees are required to wear clown noses during meetings to boost productivity. You, the class clown, find yourself torn between conforming and staying true to your own sanity.",When the only way to survive corporate culture is to become the office jester.,3909228194
"You stumble upon a secret society of white-collar workers who exclusively communicate in office jargon. Their mission? To overthrow the capitalist system by confusing it to death. You decide to infiltrate their ranks, armed with nothing but a stapler and a sarcastic remark.",When you've had enough of 'synergizing' and decide it's time for a 'rebellion synergy'.,3954580159
"You wake up one day to find that the economy has become so advanced that people can now trade their daily likes on social media for real-life goods and services. You, an introverted meme lord, are suddenly the most sought-after person in the world.","When memes are worth more than money, introverts become the new one-percenters.",3592160930
"The year is 3050, and corporations have taken over the world. In an attempt to solve the class inequality crisis, they introduce a new form of currency called ""company loyalty points."" You, a former employee, are now worth more in points than you ever were in actual salary.","When the value of your labor is measured in 'brownie points', but your bank account still says $0.",3957563477
"In a world where money grows on trees, the wealthiest man proudly showcases his ""Money Tree Farm"", while the rest of society silently weeps for their lack of green thumbs.",When capitalism takes 'making money' a little too literally...,787318620
"In a world where corporate greed knows no bounds, imagine a scenario where a company charges its customers just to breathe. Yes, you read that right, a literal ""breathing tax"". People now have to insert coins into a machine every time they take a breath. The company claims it's a way to promote clean air and reduce pollution. So, let's visualize the chaos:",When capitalism takes your breath away... literally!,4204559938
"Let's create a meme that tackles the concept of commodity fetishism. Picture a supermarket where the products on the shelves start talking to each other. They brag about their brand names, ingredients, and prices, forming a hierarchy among themselves. The cheaper products feel inferior, while the expensive ones gloat over their superiority:","Ah, the melodrama of grocery shopping - where every product is a diva!",1023236929
"In the realm of corporate culture, imagine a world where employees are required to bring their pets to work and have to train them to do their jobs. We witness the hilarious chaos as cats mess up spreadsheets, dogs bark at clients, and parrots repeat secret company information:",When multitasking at work takes a whole new meaning!,2677689853
"Picture a dystopian society where people are ranked based on their wealth. Now, imagine a reality TV show called ""Rich vs. Poor Olympics."" Contestants compete in absurd challenges like ""Diving into a pool of money"" and ""Sprinting with a briefcase full of cash"". The winner gets... well, more wealth, of course!",Because inequality is a sport in this messed-up world!,227641560
"Welcome to the most bizarre amusement park ever created. In this park, rides are designed to mimic the monotony and alienation of the working class. Hop on the roller coaster ""Feels Like My Job"" that goes in repetitive loops or take a spin on the Ferris wheel ""The 9 to 5"" where each seat represents a soul-crushing job:",Fun for everyone... except the proletariat!,145639831
"Let's dive into the world of white-collar workers who are obsessed with corporate jargon. Imagine a conference room where employees communicate solely in meaningless buzzwords and phrases. Their conversations sound like an alien language to the normal world, talking about ""synergy"", ""disruptive innovation"", and ""strategic alignment"":","When the office becomes a cryptic word puzzle!

Note: The intention here is to depict satire and humor while touching upon societal issues, as requested. These prompts and captions are meant to be light-hearted and not to offend anyone.",297434575
